{"cameraMode":{"drawMode":0,"name":"Shaded","section":"Shading Mode"},"sceneLighting":true,"audioPlay":false,"sceneViewState":{"m_AlwaysRefresh":false,"showFog":true,"showSkybox":true,"showFlares":true,"showImageEffects":true,"showParticleSystems":true,"showVisualEffectGraphs":true,"m_FxEnabled":true},"in2DMode":false,"pivot":{"x":-12.689126014709473,"y":0.5634628534317017,"z":11.138455390930176},"rotation":{"x":0.22273468971252442,"y":0.274455726146698,"z":-0.06568748503923416,"w":0.9333451390266419},"size":12.967315673828125,"orthographic":false}